{"aa": -7.828977153799092, "ab": -6.199992666863778, "ac": -5.486903460060774, "ad": -5.672133633773617, "ae": -8.575352026985957, "af": -6.631049334462464, "ag": -6.196161636740829, "ah": -7.572087502231942, "ai": -5.734701535842676, "aj": -8.510926722047248, "ak": -6.735435967978163, "al": -4.728827043086611, "am": -5.60087935197376, "an": -4.126687413994796, "ao": -8.660226665413262, "ap": -6.225577153541179, "aq": -9.526932549240499, "ar": -4.625920315877447, "as": -4.740347953268941, "at": -4.495060962118698, "au": -6.785966805111384, "av": -6.257050298098156, "aw": -7.0061394463226145, "ax": -8.78623047010508, "ay": -5.927584619712791, "az": -8.635463965940183, "ba": -6.1895772492295595, "bb": -8.74425047520848, "bc": -9.51021324651144, "bd": -10.32564198592901, "be": -5.403168549004295, "bf": -10.957550570264262, "bg": -11.578024079960228, "bh": -10.239598141392637, "bi": -6.900305498749895, "bj": -9.63566025937169, "bk": -11.9841434646532, "bl": -6.4345135633210715, "bm": -10.023231379651051, "bn": -10.615103393153268, "bo": -6.271203747234687, "bp": -10.533389888507822, "bq": -13.572612098177231, "br": -6.841337314794296, "bs": -8.028608705587224, "bt": -9.219953190222643, "bu": -6.2784646427675055, "bv": -10.491554522712768, "bw": -10.336729525606179, "bx": -14.174133135380243, "by": -6.7171580010168785, "bz": -13.183914142018677, "ca": -5.379701792880119, "cb": -9.582449714744234, "cc": -7.264561565773893, "cd": -9.397973705202064, "ce": -5.3861010600261965, "cf": -9.690115608190977, "cg": -10.077969639213073, "ch": -5.369617916459656, "ci": -6.238262856803997, "cj": -11.553401300696997, "ck": -6.397177899312942, "cl": -6.6344506005984005, "cm": -9.623932044733856, "cn": -10.043034424033243, "co": -5.0859136073666145, "cp": -9.331887113202686, "cq": -10.220003558669266, "cr": -6.664612517459292, "cs": -8.048717720581118, "ct": -5.896373015761933, "cu": -6.845030493881302, "cv": -10.734046111582563, "cw": -9.729661001331037, "cx": -13.612014217226703, "cy": -8.23628517733986, "cz": -11.220761886233474, "da": -5.504973233302773, "db": -6.562576118392492, "dc": -7.041585615267731, "dd": -6.985352698472739, "de": -5.0750245028614405, "df": -6.977237562663, "dg": -7.479091464177121, "dh": -6.849008818593106, "di": -5.295852465578302, "dj": -8.595902124310987, "dk": -9.014906635535278, "dl": -7.256514380107029, "dm": -7.106454397485106, "dn": -7.327977920702294, "do": -5.797803432904938, "dp": -7.22613819624768, "dq": -9.633165214590777, "dr": -6.631169989161664, "ds": -6.02729032398096, "dt": -5.61451142331913, "du": -6.603592460098819, "dv": -8.158012307390392, "dw": -6.781340907446914, "dx": -11.968703684353034, "dy": -7.575341835771978, "dz": -10.694365879169748, "ea": -4.603124908013125, "eb": -6.095848057387898, "ec": -5.122529769146092, "ed": -4.529336562369005, "ee": -5.454306276149594, "ef": -5.787800145021811, "eg": -6.257342539324975, "eh": -6.349208199405558, "ei": -5.597696262355526, "ej": -8.143243398024675, "ek": -7.491659159464165, "el": -5.232468782011528, "em": -5.47355451545818, "en": -4.480323517359489, "eo": -5.7674861207241594, "ep": -5.73116872905787, "eq": -7.992546244818384, "er": -4.026416637297975, "es": -4.327679236665061, "et": -4.879327734955612, "eu": -7.0706493888578, "ev": -6.013566560702426, "ew": -5.678934039293475, "ex": -6.640422963363134, "ey": -6.353290927158293, "ez": -9.1366819834774, "fa": -6.248755089668228, "fb": -8.49057476047506, "fc": -7.920386444661891, "fd": -8.662281964205071, "fe": -6.228459753645313, "ff": -6.566053744299377, "fg": -8.821762136741182, "fh": -7.961444123171651, "fi": -5.8875731577817385, "fj": -9.681799203828085, "fk": -9.846413967465, "fl": -7.310418987391821, "fm": -8.147773157933381, "fn": -8.998647525875052, "fo": -5.431546849299091, "fp": -8.189773377018085, "fq": -11.418907119763375, "fr": -6.250977365375038, "fs": -7.655387248540154, "ft": -5.754856244326014, "fu": -7.228093338729667, "fv": -9.779749368765517, "fw": -8.366080113245115, "fx": -12.318942593494317, "fy": -8.607737460630913, "fz": -11.839751761622084, "ga": -5.952505775724935, "gb": -8.202748860861059, "gc": -8.10995463360456, "gd": -8.500035521887176, "ge": -5.703001351955677, "gf": -7.989912583705135, "gg": -7.987870024697548, "gh": -6.0814128632429165, "gi": -6.41142881899951, "gj": -10.103870785078817, "gk": -10.180891732952606, "gl": -7.425422484797591, "gm": -8.207713981553129, "gn": -7.485545129618988, "go": -6.269209626739786, "gp": -8.177053794869396, "gq": -11.189551846973158, "gr": -6.4274904958470405, "gs": -7.005701925946383, "gt": -6.377538952365223, "gu": -7.045307289703624, "gv": -10.049805645909036, "gw": -7.922170576686816, "gx": -12.586581449418322, "gy": -8.392368486122828, "gz": -11.92932584305301, "ha": -4.789229320864666, "hb": -8.358058908868255, "hc": -8.006588886703586, "hd": -8.559796463120401, "he": -3.7599265883973865, "hf": -8.553147165814451, "hg": -9.216850200495685, "hh": -8.086788320329507, "hi": -5.057949150295018, "hj": -10.033191824889048, "hk": -9.93078185223834, "hl": -8.215416814255459, "hm": -8.069640670515962, "hn": -8.047018248888447, "ho": -5.389874806433715, "hp": -8.393547988652534, "hq": -10.66221722463787, "hr": -7.025712187006593, "hs": -7.470981170576239, "ht": -6.249518488686, "hu": -7.352458006916923, "hv": -9.993785004583481, "hw": -8.033194025195149, "hx": -13.261357345613533, "hy": -8.002852788812731, "hz": -11.66702093040966, "ia": -6.069179486046601, "ib": -7.417052954463252, "ic": -5.305383113317636, "id": -5.814987548225482, "ie": -5.845793532891253, "if": -6.62443442563654, "ig": -6.117460812100388, "ih": -8.86514303485161, "ii": -8.870987984227494, "ij": -9.890065003821354, "ik": -7.422192282940503, "il": -5.488417226254602, "im": -6.016368759081619, "in": -3.8983403457895744, "io": -5.317485446642999, "ip": -7.163417139504451, "iq": -9.604218017418148, "ir": -5.913971949070288, "is": -4.751633355925417, "it": -4.735998435000144, "iu": -8.92242831566275, "iv": -6.160484186025253, "iw": -8.453111824952332, "ix": -8.500526667630902, "iy": -10.691076653754022, "iz": -7.748274771332241, "ja": -7.833857902797748, "jb": -12.315479431322158, "jc": -12.070087794283511, "jd": -12.193097424042719, "je": -7.974971090460173, "jf": -12.742854649066066, "jg": -12.792899555792006, "jh": -12.237105178331937, "ji": -9.400370314227267, "jj": -12.50183387709379, "jk": -12.643023633461144, "jl": -12.782474175912172, "jm": -12.173431773666143, "jn": -12.608888224499385, "jo": -7.370839515418182, "jp": -11.738182171569552, "jq": -15.60545117787409, "jr": -10.891824166712526, "js": -11.607835160047413, "jt": -12.263794056945269, "ju": -7.298734527982299, "jv": -13.090864710119076, "jw": -12.501958224271268, "jx": -15.571411131634099, "jy": -13.535227894357813, "jz": -14.229249124444603, "ka": -7.330616124701473, "kb": -9.15315757725518, "kc": -9.239425851136026, "kd": -9.652164674391836, "ke": -6.006342957827886, "kf": -8.993086274484128, "kg": -9.936114867778048, "kh": -8.802602531728375, "ki": -6.611635555042303, "kj": -10.938308085996194, "kk": -10.502187042550071, "kl": -8.5388364966385, "km": -9.094300790415032, "kn": -7.728094960597034, "ko": -7.807788390711604, "kp": -9.351055192844171, "kq": -12.64747255009885, "kr": -9.05117058723988, "ks": -7.200309659237699, "kt": -8.004559106197595, "ku": -9.051963769857494, "kv": -10.986744219944407, "kw": -8.700979677949434, "kx": -13.653819399320012, "ky": -8.963827917258012, "kz": -12.864521800421597, "la": -5.228748529221521, "lb": -7.470304315049709, "lc": -7.526929167443945, "ld": -6.045119463335359, "le": -4.958073894127222, "lf": -7.377780347694004, "lg": -8.448337213778853, "lh": -8.12976652575331, "li": -5.223891482950056, "lj": -9.893566801726502, "lk": -8.219943628444634, "ll": -5.1677214544791585, "lm": -7.576030067355236, "ln": -8.65656458933364, "lo": -5.624931410988323, "lp": -7.4382450159833375, "lq": -10.933995382837228, "lr": -7.963111732902032, "ls": -6.211468330580674, "lt": -6.45250622028238,